scenario,name,success,outcome,collisionCount,duration,pathLength,averageSpeed,minimumClearance,minimumTTC,meanReplanMs,p95ReplanMs,maxLongAccel,maxLateralAccel,rmsJerk,curvatureChange,emergencyInterventions,replans,finalX,finalY,headingChange,seed
1,Unmarked village road,1,goal,0,39.9,80.8068916034959,2.02094235610378,2.03374396942201,0,7.7618825,13.199,7,3.63564047287242,24.1515612046611,9.09476275563467,16,80,78.0166104123689,1.40515657076824,6.63116377834927,26038
2,Unsignalized urban intersection,1,goal,0,29.4,79.3633290619703,2.69119583404926,9.6236184627422,0,6.93268644067797,13.0394,7,4.82746529814774,22.631421176753,3.98915783174105,11,59,78.0491520694426,-0.0300867342247322,3.15668241447632,26038
3,Arterial slow-traffic merge,1,goal,0,28.2,79.7498929593054,2.81928501199031,14.4297252641968,0,8.04559824561403,13.1136,7,8.78423323876527,20.1041630761316,7.01924133917974,9,57,78.0506365623,-3.94873448379496,4.06507253740043,26038
4,Dense mixed market,1,goal,0,33.6,65.6123657933447,1.94819799192958,3.57824598063543,0,7.63768382352941,13.5857,7,4.4756930803011,23.8802807518081,8.13685378805093,13,68,64.040244024243,-0.216362157579549,4.76300266034028,26038
5,Sudden cattle crossing,1,goal,0,22.4,49.4504344724639,2.19934078040854,3.09109524965502,0,7.07124444444444,10.6688,7,6.82005005042745,21.5202358756809,4.7726198150552,7,45,47.0459767960841,-3.44788722694097,3.62677589891117,26038
1,Unmarked village road,1,goal,0,31.2,79.6123592720317,2.54376046147472,2.30967383690357,0,7.10815079365079,12.6357,7,6.45384891378466,24.653662723624,5.93662697878315,13,63,78.0066980531333,-2.11453968027104,3.97056358975513,26039
2,Unsignalized urban intersection,1,goal,0,21.9,78.9751101552048,3.59076466241869,4.04972740401378,0,7.84778409090909,12.3646,7,7.00100472936531,16.1108130517336,3.50059203027086,4,44,78.0175854515607,-0.253279203142519,3.49025858905227,26039
3,Arterial slow-traffic merge,1,goal,0,32.4,79.6131679233986,2.45043709735469,15.6184898847069,0,7.44089230769231,12.5594,7,4.41739177088972,19.8533035511701,5.87593888398421,9,65,78.0211335410599,2.91009688729335,3.83955595142964,26039
4,Dense mixed market,1,goal,0,36.5,65.462252994283,1.78972559533923,2.56597299059696,0,6.7963472972973,11.435,7,4.3321300307932,23.637701434291,6.74819204591322,13,74,64.0063172346898,0.124694223311719,4.92993547403814,26039
5,Sudden cattle crossing,1,goal,0,20.9,48.2436134227449,2.29924911768412,3.78817351856675,0,6.37464285714286,11.0955,7,1.61018355205526,17.2028659921188,2.97109497017647,4,42,47.0622575457753,-1.94382651606766,2.57770285713544,26039
